,Unnamed: 0,Parcel ID,Address,County,State,Sale Date,Sale Price,Acres,Parcel  Class ,Year  Built ,Square Ft ,Price Per  Square Ft ,Neighborhood,lat,long
0,0,15047 002230,6985 RIVER ROCK DR,Hall County,Georgia,5/25/2022,"$487,232.00 ",0.15,Residential,2021,2034,$239.54 ,05037H HONEYCUTT,34.145825,-83.9083518
1,1,08065 000332,5192 WATCHMANS CV,Hall County,Georgia,5/23/2022,"$474,600.00 ",0.16,Residential,2021,2120,$223.87 ,08065 Stephens Point,34.2445619,-83.9111529
2,2,08111 003368,5965 HOOT OWL LN,Hall County,Georgia,5/20/2022,"$358,990.00 ",0.11,Residential,2022,2424,$148.10 ,08111 Summit Lake,34.1936829,-83.9274183
3,3,15047 002292,6987 SCENIC OVERLOOK TRCE,Hall County,Georgia,5/20/2022,"$651,006.00 ",0.32,Residential,2021,3075,$211.71 ,05037H HONEYCUTT,34.1466721,-83.9097174
4,4,08065 000330,5200 WATCHMANS CV,Hall County,Georgia,5/18/2022,"$504,700.00 ",0.22,Residential,2021,2744,$183.93 ,08065 Stephens Point,34.2448378,-83.9113409
5,5,10017 000179,7162 BLUEBIRD CV,Hall County,Georgia,5/16/2022,"$507,450.00 ",0.36,Residential,2021,1881,$269.78 ,03900A Marina Bay Hammock Trail,34.30618855,-83.83906545
6,6,08024 006216,4461 SW MILL OAK WAY,Hall County,Georgia,5/13/2022,"$514,164.00 ",0.18,Residential,2021,3408,$150.87 ,08018B White Oak Park @ MM,34.2539737,-83.8678722
7,7,15048 001068,3325 LONG CREEK DR,Hall County,Georgia,5/9/2022,"$620,000.00 ",0.19,Residential,2021,3373,$183.81 ,05934 Trinity Falls,34.1144849,-83.903427
8,8,10068 000133,3431 DOCKSIDE SHORES DR,Hall County,Georgia,5/6/2022,"$493,709.00 ",1.06,Residential,2021,2437,$202.59 ,L47019 - THE SHORES AT LYNNCLIFF COVE,34.306659,-83.9007765
9,9,10080 000016,4016 BELVEDERE DR,Hall County,Georgia,5/5/2022,"$265,000.00 ",1.02,Residential,2021,1528,$173.43 ,01730 Belvedere,34.377716,-83.889369
10,10,10069 004013,3659 CASTOFF CT,Hall County,Georgia,5/4/2022,"$428,578.00 ",1.4,Residential,2021,3050,$140.52 ,L47019 - THE SHORES AT LYNNCLIFF COVE,34.316173,-83.9046624
11,11,08075 002212A,5188 BARBERRY AVE,Hall County,Georgia,4/29/2022,"$330,000.00 ",0.07,Residential,2021,1922,$171.70 ,08075 Prescott,34.2210367,-83.9044118
12,12,08024 006217,4457 SW MILL OAK WAY,Hall County,Georgia,4/29/2022,"$412,962.00 ",0.18,Residential,2021,2178,$189.61 ,08018B White Oak Park @ MM,34.2539737,-83.8678722
13,13,08134 000021,6204 WADE ORR RD,Hall County,Georgia,4/29/2022,"$546,062.00 ",0.8,Residential,2021,872,$626.22 ,08141 Veritas,34.160388,-83.9298838
14,14,08065 000302,5304 SCHOONER CT,Hall County,Georgia,4/27/2022,"$430,380.00 ",0.22,Residential,2021,2939,$146.44 ,08065 Stephens Point,34.2431618,-83.9110417
15,15,08065 000290,5139 WATCHMANS CV,Hall County,Georgia,4/18/2022,"$425,550.00 ",0.16,Residential,2021,1916,$222.10 ,08065 Stephens Point,34.2423349,-83.9105722
16,16,08118 002012,5908 MITCHELL ST,Hall County,Georgia,4/15/2022,"$609,500.00 ",0.32,Residential,2021,3146,$193.74 ,08979 Old Flowery Branch,34.1832875,-83.9296192
17,17,08151 002078,5360 SUMMER OAK LN,Hall County,Georgia,4/14/2022,"$705,660.00 ",0.24,Residential,2021,3698,$190.82 ,08032 Summerlyn,34.154309,-83.9492516
18,18,08024 006182,4413 SW CHESTNUT OAK WAY,Hall County,Georgia,4/14/2022,"$529,186.00 ",0.17,Residential,2021,3160,$167.46 ,08018B White Oak Park @ MM,34.2528513,-83.8682685
19,19,10017 000189,7145 BLUEBIRD CV,Hall County,Georgia,4/12/2022,"$547,042.00 ",0.38,Residential,2021,2077,$263.38 ,03900A Marina Bay Hammock Trail,34.30618855,-83.83906545
20,20,12047 000073,4518 HIGHLAND GATE PKWY,Hall County,Georgia,3/31/2022,"$409,900.00 ",0.38,Residential,2021,2413,$169.87 ,03006 HIGHLAND GATES,34.4116818,-83.7921004
21,21,12127 000038,8703 HARDWOOD TRL,Hall County,Georgia,3/31/2022,"$453,079.00 ",1,Residential,2021,3035,$149.28 ,03034 MALLARD VIEW,34.4617908,-83.7187925
22,22,08118 002013,5904 MITCHELL ST,Hall County,Georgia,3/31/2022,"$618,400.00 ",0.32,Residential,2021,3286,$188.19 ,08979 Old Flowery Branch,34.1833124,-83.9292469
23,23,08111 003291,5946 SCREECH OWL DR,Hall County,Georgia,3/30/2022,"$374,900.00 ",0.26,Residential,2021,2539,$147.66 ,08111 Summit Lake,34.1918688,-83.9252093
24,24,15047C000104,7219 WHITEWATER DR,Hall County,Georgia,3/30/2022,"$488,174.00 ",0.26,Residential,2021,2868,$170.21 ,05037 Sterling,34.145214,-83.902144
25,25,12047 000055,4427 BAREFOOT RUN,Hall County,Georgia,3/30/2022,"$338,900.00 ",0.38,Residential,2021,2712,$124.96 ,03006 HIGHLAND GATES,34.4121057,-83.790254
26,26,15042 000458,7067 LANCASTER XING,Hall County,Georgia,3/29/2022,"$519,694.00 ",0.28,Residential,2021,3140,$165.51 ,05662 Lancaster,34.1393507,-83.8924107
27,27,08111 003283,5988 SCREECH OWL DR,Hall County,Georgia,3/29/2022,"$408,990.00 ",0.22,Residential,2021,2792,$146.49 ,08111 Summit Lake,34.1908773,-83.9259702
28,28,15041 000280,5977 ROLLINGWOOD WAY,Hall County,Georgia,3/28/2022,"$429,160.00 ",0.13,Residential,2021,1545,$277.77 ,05013A DEL WEBB @ CHATEAU ELAN,34.1085619,-83.8563951
29,29,15043F000177,5683 DEEP CREEK CT,Hall County,Georgia,3/28/2022,"$368,900.00 ",0.9,Residential,2021,2510,$146.97 ,05027 Preserve@Mulbe,34.1619386,-83.887704
30,30,10097 000149,3925 NW CAMDEN CT,Hall County,Georgia,3/24/2022,"$410,900.00 ",0.46,Residential,2021,2634,$156.00 ,01781 Windsor Forrest,34.3548308,-83.8809084
31,31,08134 000013,6172 WADE ORR RD,Hall County,Georgia,3/24/2022,"$565,000.00 ",1.35,Residential,2021,3310,$170.69 ,08141 Veritas,34.1612369,-83.9321055
32,32,15041 000354,5874 MAPLE BLUFF WAY,Hall County,Georgia,3/24/2022,"$659,428.00 ",0.15,Residential,2021,1948,$338.52 ,05013A DEL WEBB @ CHATEAU ELAN,34.1107933,-83.8549633
33,33,12046 000026,4474 HIGHLAND GATE PKWY,Hall County,Georgia,3/23/2022,"$357,900.00 ",0.65,Residential,2021,2712,$131.97 ,03006 HIGHLAND GATES,34.4143121,-83.7908997
34,34,15042 000461,7055 LANCASTER XING,Hall County,Georgia,3/23/2022,"$493,013.00 ",0.23,Residential,2021,3184,$154.84 ,05662 Lancaster,34.138652,-83.8920859
35,35,08024 006188,4437 SW CHESTNUT OAK WAY,Hall County,Georgia,3/23/2022,"$404,555.00 ",0.22,Residential,2021,2358,$171.57 ,08018B White Oak Park @ MM,34.2515219,-83.8693013
36,36,15041 000363,5633 WILLOW SPRINGS PL,Hall County,Georgia,3/23/2022,"$611,072.00 ",0.18,Residential,2021,2424,$252.09 ,05013A DEL WEBB @ CHATEAU ELAN,34.112019,-83.8520593
37,37,08100 001170,6030 PARK BAY CT,Hall County,Georgia,3/17/2022,"$399,800.00 ",0.59,Residential,2021,3115,$128.35 ,08105 PARK WALK AT LANIER,34.2125432,-83.9232725
38,38,15047G000083,7044 BLACKBIRD CT,Hall County,Georgia,3/16/2022,"$383,485.00 ",0.18,Residential,2021,1860,$206.17 ,05037K STERLING KNUTSON,34.15608,-83.915576
39,39,01084 001040,2703 NE LIMESTONE CREEK DR,Hall County,Georgia,3/15/2022,"$475,000.00 ",0.19,Residential,2021,1550,$306.45 ,00039A GATES @ LIMESTONE NEW CONSTRUCTION,34.3251114,-83.8086323
40,40,15042 000629,6836 BENJAMIN DR,Hall County,Georgia,3/14/2022,"$457,720.00 ",0.31,Residential,2021,3068,$149.19 ,05661 Cambridge,34.1426755,-83.888072
41,41,10145 000114,3463 BIG VIEW RD,Hall County,Georgia,3/11/2022,"$984,732.00 ",0.2,Residential,2021,2188,$450.06 ,01512 The Cottages of Lake Lanier,34.37502,-83.8098996
42,42,15048 001251,3507 CREEK HOLW,Hall County,Georgia,3/11/2022,"$555,000.00 ",0.24,Residential,2021,2833,$195.91 ,05934 Trinity Falls,34.1142747,-83.9085309
43,43,08024 006111,4656 SW SILVER OAK DR,Hall County,Georgia,3/11/2022,"$573,214.00 ",0.18,Residential,2021,3540,$161.92 ,08018B White Oak Park @ MM,34.2521742,-83.8690791
44,44,08065 000344,5142 WATCHMANS CV,Hall County,Georgia,3/11/2022,"$433,240.00 ",0.16,Residential,2021,2744,$157.89 ,08065 Stephens Point,34.2425523,-83.9100899
45,45,15041 000361,5625 WILLOW SPRINGS PL,Hall County,Georgia,3/10/2022,"$561,177.00 ",0.18,Residential,2021,2776,$202.15 ,05013A DEL WEBB @ CHATEAU ELAN,34.1123484,-83.8522254
46,46,15042 000473,6979 LANCASTER XING,Hall County,Georgia,3/10/2022,"$545,980.00 ",0.17,Residential,2021,2740,$199.26 ,05662 Lancaster,34.1400411,-83.8900222
47,47,08111 003281,5996 SCREECH OWL DR,Hall County,Georgia,3/9/2022,"$398,990.00 ",0.17,Residential,2021,2613,$152.69 ,08111 Summit Lake,34.1906106,-83.9258819
48,48,11135 000022,6924 UNDERWOOD DR,Hall County,Georgia,3/8/2022,"$451,500.00 ",0.51,Residential,2021,1452,$310.95 ,Area 4-Lake-Back Cove (dockable),34.417096,-83.9614134
49,49,01084 001037,2745 NE LIMESTONE CREEK DR,Hall County,Georgia,3/7/2022,"$458,500.00 ",0.2,Residential,2021,2810,$163.17 ,00039A GATES @ LIMESTONE NEW CONSTRUCTION,34.3253422,-83.8082049
50,50,15042 000463,7047 LANCASTER XING,Hall County,Georgia,3/7/2022,"$515,348.00 ",0.2,Residential,2021,3288,$156.74 ,05662 Lancaster,34.1390438,-83.8921273
51,51,11046 000006,623 ROBIN HOOD DR,Hall County,Georgia,3/7/2022,"$230,000.00 ",1.64,Residential,2022,1344,171.1309524,00029   SHERWOOD FOREST,34.4802045,-83.8670486
52,52,15047 002241,7000 RIVER ROCK DR,Hall County,Georgia,3/4/2022,"$534,124.00 ",0.17,Residential,2021,2438,$219.08 ,05037H HONEYCUTT,34.1453739,-83.9089543
53,53,08024 006204,4422 SW CHESTNUT OAK WAY,Hall County,Georgia,3/4/2022,"$481,704.00 ",0.18,Residential,2021,3268,$147.40 ,08018B White Oak Park @ MM,34.2528513,-83.8682685
54,54,12047 000044,4391 HIGHLAND GATE PKWY,Hall County,Georgia,3/4/2022,"$328,900.00 ",0.54,Residential,2021,2324,$141.52 ,03006 HIGHLAND GATES,34.4100769,-83.788554
55,55,15042 000472,6983 LANCASTER XING,Hall County,Georgia,3/4/2022,"$577,981.00 ",0.17,Residential,2021,3192,$181.07 ,05662 Lancaster,34.1400576,-83.8901406
56,56,09079B000132,6341 WOODLAND STATION DR,Hall County,Georgia,3/4/2022,"$285,775.00 ",0.5,Residential,2021,2255,$126.73 ,07073 MAGNOLIA STATION,34.4084587,-83.6937812
57,57,10097 000150,3921 NW CAMDEN CT,Hall County,Georgia,3/3/2022,"$447,176.00 ",0.64,Residential,2021,2692,$166.11 ,01781 Windsor Forrest,34.3550406,-83.8807842
58,58,10128 000106,4805 PLANTATION OVLK,Hall County,Georgia,3/1/2022,"$495,000.00 ",1,Residential,2021,2752,$179.87 ,01008 RED OAK PLANTATION,34.376542,-83.8336216
59,59,10132 000030,5216 LAUREL LN,Hall County,Georgia,3/1/2022,"$422,500.00 ",0.61,Residential,2021,2544,$166.08 ,L47050 Lanier Atlanta,34.381305,-83.8257776
60,60,15047P000019,6406 CROSSCREEK LN,Hall County,Georgia,2/28/2022,"$430,000.00 ",0.12,Residential,2020,2470,$174.09 ,05037Q Sterling,34.1550499,-83.8970531
61,61,11134 000136,5452 FISHERMANS CV,Hall County,Georgia,2/28/2022,"$720,105.00 ",1.33,Residential,2021,2741,$262.72 ,L47041 - CHESTATEE COVE,34.4103671,-83.9552006
62,62,08024 006157,4466 SW SILVER OAK DR,Hall County,Georgia,2/28/2022,"$458,674.00 ",0.19,Residential,2021,3196,$143.52 ,08018B White Oak Park @ MM,34.2532393,-83.867164
63,63,15042 000481,7005 BRANCH CREEK CV,Hall County,Georgia,2/28/2022,"$506,840.00 ",0.25,Residential,2021,2854,$177.59 ,05662 Lancaster,34.1393581,-83.8904797
64,64,10079 001096,5585 CHECKERED SPOT DR,Hall County,Georgia,2/28/2022,"$425,000.00 ",1.06,Residential,2021,2254,$188.55 ,01064  CREEKSIDE @ M,34.3849493,-83.8954595
65,65,15029B000101,5426 WOODSTREAM CT,Hall County,Georgia,2/28/2022,"$458,802.00 ",0.84,Residential,2021,2468,$185.90 ,05034 GEORGIAN ACRES,34.1760213,-83.8036247
66,66,01104 002054,410 NE HUDSON COVE TRL,Hall County,Georgia,2/28/2022,"$400,078.00 ",0.23,Residential,2021,2938,$136.17 ,LG7012 Hudson Cove,34.3498405,-83.8479051
67,67,08151 002086,5392 SUMMER OAK LN,Hall County,Georgia,2/28/2022,"$611,355.00 ",0.27,Residential,2021,3828,$159.71 ,08032 Summerlyn,34.1525264,-83.9512313
68,68,12046 000041,4469 HIGHLAND GATE PKWY,Hall County,Georgia,2/25/2022,"$324,900.00 ",0.79,Residential,2021,2080,$156.20 ,03006 HIGHLAND GATES,34.4134257,-83.7905929
69,69,08075 002053A,5634 BARBERRY AVE,Hall County,Georgia,2/25/2022,"$328,990.00 ",0.17,Residential,2021,2361,$139.34 ,08075 Prescott,34.2206923,-83.9035122
70,70,15041 000371,5665 WILLOW SPRINGS PL,Hall County,Georgia,2/25/2022,"$586,819.00 ",0.2,Residential,2021,2612,$224.66 ,05013A DEL WEBB @ CHATEAU ELAN,34.1105432,-83.8515035
71,71,10086 000074,3466 CROWN DR,Hall County,Georgia,2/25/2022,"$415,000.00 ",1.46,Residential,2020,1312,$316.31 ,L47029 - CROWN POINT,34.3159057,-83.8949007
72,72,08065 000289,5135 WATCHMANS CV,Hall County,Georgia,2/25/2022,"$409,580.00 ",0.16,Residential,2021,1939,$211.23 ,08065 Stephens Point,34.2422247,-83.9104623
73,73,15029B000070,4993 LITTLE FOX TRL,Hall County,Georgia,2/25/2022,"$489,324.00 ",0.81,Residential,2021,3148,$155.44 ,05034 GEORGIAN ACRES,34.18112,-83.805313
74,74,08075 002052A,5630 BARBERRY AVE,Hall County,Georgia,2/25/2022,"$338,990.00 ",0.12,Residential,2021,2496,$135.81 ,08075 Prescott,34.2206923,-83.9035122
75,75,08024 006112,4652 SW SILVER OAK DR,Hall County,Georgia,2/25/2022,"$503,177.00 ",0.17,Residential,2021,3560,$141.34 ,08018B White Oak Park @ MM,34.2523121,-83.8691736
76,76,08075 002001A,5404 BARBERRY AVE,Hall County,Georgia,2/24/2022,"$327,990.00 ",0.14,Residential,2021,2616,$125.38 ,08075 Prescott,34.220068,-83.907701
77,77,08075 002092A,5413 BARBERRY AVE,Hall County,Georgia,2/24/2022,"$340,990.00 ",0.11,Residential,2021,2496,$136.61 ,08075 Prescott,34.2196677,-83.9074827
78,78,08024 006185,4425 SW CHESTNUT OAK WAY,Hall County,Georgia,2/24/2022,"$427,445.00 ",0.17,Residential,2021,3080,$138.78 ,08018B White Oak Park @ MM,34.2528513,-83.8682685
79,79,08024 006202,4414 SW CHESTNUT OAK WAY,Hall County,Georgia,2/24/2022,"$513,921.00 ",0.18,Residential,2021,1630,$315.29 ,08018B White Oak Park @ MM,34.2528513,-83.8682685
80,80,08111 003290,5960 SCREECH OWL DR,Hall County,Georgia,2/24/2022,"$398,990.00 ",0.15,Residential,2021,2613,$152.69 ,08111 Summit Lake,34.1917354,-83.9253994
81,81,15042 000484,7006 BRANCH CREEK CV,Hall County,Georgia,2/24/2022,"$455,930.00 ",0.27,Residential,2021,2162,$210.88 ,05662 Lancaster,34.0110911,-83.9840376
82,82,08065 000295,5315 SCHOONER CT,Hall County,Georgia,2/24/2022,"$422,765.00 ",0.15,Residential,2021,2062,$205.03 ,08065 Stephens Point,34.2425232,-83.9112486
83,83,08100 001174,6019 PARK BAY CT,Hall County,Georgia,2/24/2022,"$335,100.00 ",0.28,Residential,2021,2863,$117.05 ,08105 PARK WALK AT LANIER,34.2134578,-83.9231364
84,84,10010 000015,6040 BLUEWATER BLVD,Hall County,Georgia,2/24/2022,"$697,500.00 ",1.79,Residential,2021,0,$0.00 ,L47001 - DOCKSIDE COVE,34.3821485,-83.9670219
85,85,08075 002050A,5622 BARBERRY AVE,Hall County,Georgia,2/24/2022,"$324,990.00 ",0.12,Residential,2021,2211,$146.99 ,08075 Prescott,34.2206923,-83.9035122
86,86,08075 002051A,5626 BARBERRY AVE,Hall County,Georgia,2/24/2022,"$327,990.00 ",0.12,Residential,2021,2616,$125.38 ,08075 Prescott,34.2206923,-83.9035122
87,87,09126 000099,2011 RIVERWOOD DR,Hall County,Georgia,2/24/2022,"$699,000.00 ",1.22,Residential,2021,3480,$200.86 ,L37031 RIVERWOOD,34.3389832,-83.8105261
88,88,08024 005330,4328 SW ROCKROSE GREEN WAY,Hall County,Georgia,2/23/2022,"$400,000.00 ",0.19,Residential,2020,2056,$194.55 ,08018A Chestnut Park @ MM,34.2505753,-83.8714266
89,89,15047G000062,6875 SCARLET OAK WAY,Hall County,Georgia,2/23/2022,"$452,985.00 ",0.15,Residential,2021,2748,$164.84 ,05037K STERLING KNUTSON,34.1571762,-83.9137314
90,90,08075 002049A,5618 BARBERRY AVE,Hall County,Georgia,2/23/2022,"$340,990.00 ",0.14,Residential,2021,2496,$136.61 ,08075 Prescott,34.2206923,-83.9035122
91,91,15041 000373,5636 WILLOW SPRINGS PL,Hall County,Georgia,2/22/2022,"$797,293.00 ",0.18,Residential,2021,2622,$304.08 ,05013A DEL WEBB @ CHATEAU ELAN,34.1116669,-83.8525162
92,92,15042 000581,7045 BRANCH CREEK CV,Hall County,Georgia,2/22/2022,"$416,475.00 ",0.16,Residential,2021,2124,$196.08 ,05662 Lancaster,34.0110911,-83.9840376
93,93,15042 000628,6832 BENJAMIN DR,Hall County,Georgia,2/22/2022,"$475,855.00 ",0.31,Residential,2021,3398,$140.04 ,05661 Cambridge,34.1425148,-83.8880078
94,94,08065 000345,5138 WATCHMANS CV,Hall County,Georgia,2/18/2022,"$399,800.00 ",0.16,Residential,2021,1939,$206.19 ,08065 Stephens Point,34.2424616,-83.9100071
95,95,10028 000067,5904 WATERTON CT,Hall County,Georgia,2/18/2022,"$420,000.00 ",0.68,Residential,2020,3080,$136.36 ,01026 GRANT STATION,34.3803171,-83.950507
96,96,15042 000634,6907 MANCHESTER DR,Hall County,Georgia,2/18/2022,"$443,780.00 ",0.35,Residential,2021,3454,$128.48 ,05661 Cambridge,34.143152,-83.887425
97,97,10034 002012,3756 LEACH RD,Hall County,Georgia,2/18/2022,"$220,000.00 ",0.59,Residential,2022,1344,$0.00 ,01025 OFF LAWSON WHELCHEL/LEACH/WILLIE ROBINSON RD,34.354828,-83.936683
98,98,15047G000074,7029 BLACKBIRD CT,Hall County,Georgia,2/18/2022,"$441,985.00 ",0.21,Residential,2021,2748,$160.84 ,05037K STERLING KNUTSON,34.1568355,-83.9155935
99,99,08111 003292,5928 SCREECH OWL DR,Hall County,Georgia,2/18/2022,"$363,990.00 ",0.14,Residential,2021,2613,$139.30 ,08111 Summit Lake,34.1921536,-83.9255252
100,100,08111 003282,5992 SCREECH OWL DR,Hall County,Georgia,2/18/2022,"$407,990.00 ",0.19,Residential,2021,2872,$142.06 ,08111 Summit Lake,34.1907368,-83.9259312
101,101,15047G000073,7019 BLACKBIRD CT,Hall County,Georgia,2/17/2022,"$430,985.00 ",0.15,Residential,2021,2535,$170.01 ,05037K STERLING KNUTSON,34.1572582,-83.9153866
102,102,10017 000152,7018 HAMMOCK TRL,Hall County,Georgia,2/17/2022,"$551,900.00 ",0.36,Residential,2021,1993,$276.92 ,03900A Marina Bay Hammock Trail,34.3533439,-83.9619023
103,103,08065 000350,5118 WATCHMANS CV,Hall County,Georgia,2/16/2022,"$408,170.00 ",0.16,Residential,2021,1937,$210.72 ,08065 Stephens Point,34.2418335,-83.9095519
104,104,08065 000351,5114 WATCHMANS CV,Hall County,Georgia,2/16/2022,"$432,960.00 ",0.16,Residential,2021,2744,$157.78 ,08065 Stephens Point,34.2416996,-83.9094691
105,105,08111 003065,5628 WILD OLIVE DR,Hall County,Georgia,2/16/2022,"$410,000.00 ",0.14,Residential,2020,2850,$143.86 ,08111 Summit Lake,34.1963214,-83.9297433
106,106,15042 000582,7041 BRANCH CREEK CV,Hall County,Georgia,2/16/2022,"$488,470.00 ",0.19,Residential,2021,3070,$159.11 ,05662 Lancaster,34.0110911,-83.9840376
107,107,01086 003002,1464 NE RIVERSIDE DR,Hall County,Georgia,2/16/2022,"$165,000.00 ",0.49,Residential,2022,3484,$47.36 ,00280 RIVERSIDE DRIVE AREA,34.324125,-83.8288957
108,108,15042 000493,7007 KEMPTON CT,Hall County,Georgia,2/16/2022,"$475,200.00 ",0.22,Residential,2021,3180,$149.43 ,05662 Lancaster,34.1385028,-83.8895567
109,109,08065 000343,5146 WATCHMANS CV,Hall County,Georgia,2/15/2022,"$449,560.00 ",0.16,Residential,2021,2758,$163.00 ,08065 Stephens Point,34.2426861,-83.9101726
110,110,12127 000039,8617 DECOY LN,Hall County,Georgia,2/15/2022,"$464,900.00 ",1,Residential,2021,3201,$145.24 ,03034 MALLARD VIEW,34.4623173,-83.7183227
111,111,15047G000075,7035 BLACKBIRD CT,Hall County,Georgia,2/15/2022,"$402,485.00 ",0.22,Residential,2021,2464,$163.35 ,05037K STERLING KNUTSON,34.1566561,-83.9154693
112,112,08065 000348,5126 WATCHMANS CV,Hall County,Georgia,2/15/2022,"$452,380.00 ",0.16,Residential,2021,2826,$160.08 ,08065 Stephens Point,34.242058,-83.9097174
113,113,08075 002003A,5412 BARBERRY AVE,Hall County,Georgia,2/15/2022,"$323,990.00 ",0.14,Residential,2021,2228,$145.42 ,08075 Prescott,34.219816,-83.9078552
114,114,10068 000137,3447 DOCKSIDE SHORES DR,Hall County,Georgia,2/14/2022,"$529,671.00 ",0.81,Residential,2021,3375,$156.94 ,L47019 - THE SHORES AT LYNNCLIFF COVE,34.3077459,-83.9015145
115,115,10079 002031,4104 BELVEDERE CIR,Hall County,Georgia,2/14/2022,"$285,000.00 ",0.49,Residential,2020,1296,$219.91 ,01730 Belvedere,34.3797619,-83.8905957
116,116,15042 000548,7049 BRANCH CREEK CV,Hall County,Georgia,2/14/2022,"$467,601.00 ",0.18,Residential,2021,3169,$147.55 ,05662 Lancaster,34.0110911,-83.9840376
117,117,08065 000292,5155 WATCHMANS CV,Hall County,Georgia,2/11/2022,"$391,050.00 ",0.19,Residential,2021,1937,$201.88 ,08065 Stephens Point,34.2424565,-83.9106582
118,118,10011 000100,6211 EAGLE CT,Hall County,Georgia,2/11/2022,"$520,000.00 ",0.34,Residential,2021,1969,$264.09 ,Area 4-Lake-Back Cove (dockable),34.390061,-83.974534
119,119,15042 000696,6825 BENJAMIN DR,Hall County,Georgia,2/11/2022,"$365,075.00 ",0.18,Residential,2021,2527,$144.47 ,05661 Cambridge,34.1420259,-83.8885259
120,120,15042 000462,7051 LANCASTER XING,Hall County,Georgia,2/11/2022,"$486,286.00 ",0.23,Residential,2021,2740,$177.48 ,05662 Lancaster,34.1388569,-83.8922992
121,121,09101A000081,3908 PINE SHORE CIR,Hall County,Georgia,2/11/2022,"$259,900.00 ",0.31,Residential,2021,1008,$257.84 ,L17001 Surfside Club Estates,34.3724961,-83.7500218
122,122,08051 001245,3655 ACORN DR,Hall County,Georgia,2/11/2022,"$282,900.00 ",0.05,Residential,2021,1576,$179.51 ,08128 The Reserve at Oak Station,34.2242399,-83.8793765
123,123,08065 000352,5110 WATCHMANS CV,Hall County,Georgia,2/10/2022,"$436,020.00 ",0.16,Residential,2021,2826,$154.29 ,08065 Stephens Point,34.2415657,-83.9093864
124,124,15042 000624,6863 KATE LN,Hall County,Georgia,2/10/2022,"$371,312.00 ",0.27,Residential,2021,2732,$135.91 ,05661 Cambridge,34.1422261,-83.8872045
125,125,08065 000346,5134 WATCHMANS CV,Hall County,Georgia,2/10/2022,"$435,660.00 ",0.16,Residential,2021,2744,$158.77 ,08065 Stephens Point,34.2423257,-83.909883
126,126,08099 000092,5106 PARK HAVEN DR,Hall County,Georgia,2/10/2022,"$425,000.00 ",0.2,Residential,2020,2702,$157.29 ,08041 Park Heaven,34.1969572,-83.9207242
127,127,15042 000623,6867 KATE LN,Hall County,Georgia,2/9/2022,"$421,860.00 ",0.27,Residential,2021,3539,$119.20 ,05661 Cambridge,34.1423628,-83.8873774
128,128,08065 000354,5102 WATCHMANS CV,Hall County,Georgia,2/9/2022,"$435,540.00 ",0.16,Residential,2021,2744,$158.72 ,08065 Stephens Point,34.2413412,-83.9092208
129,129,08065 000349,5122 WATCHMANS CV,Hall County,Georgia,2/9/2022,"$410,140.00 ",0.16,Residential,2021,2159,$189.97 ,08065 Stephens Point,34.2419673,-83.9096347
130,130,08051 001243,3663 ACORN DR,Hall County,Georgia,2/8/2022,"$275,900.00 ",0.05,Residential,2021,1576,$175.06 ,08128 The Reserve at Oak Station,34.2241595,-83.8795007
131,131,15047 001192,7012 FLAGSTONE WAY,Hall County,Georgia,2/8/2022,"$508,857.00 ",0.22,Residential,2021,1445,$352.15 ,05037F STERLING FLAGSTONE,34.1462622,-83.8979637
132,132,15048 001163,3456 HIGH SHOALS,Hall County,Georgia,2/4/2022,"$445,000.00 ",0.24,Residential,2021,2108,$211.10 ,05934 Trinity Falls,34.1135021,-83.907193
133,133,15048 001163,3456 HIGH SHOALS,Hall County,Georgia,2/7/2022,"$445,000.00 ",0.24,Residential,2021,2108,$211.10 ,05934 Trinity Falls,34.1135021,-83.907193
134,134,12007 000039,5610 ALLINGTON CT,Hall County,Georgia,2/7/2022,"$499,000.00 ",0.81,Residential,2021,2725,$183.12 ,03037 AVALON HILLS S/D,34.4515664,-83.8220894
135,135,10162 000195,3241 HIDDEN VALLEY RD,Hall County,Georgia,2/7/2022,"$24,000.00 ",1.04,Residential,2022,1568,$0.00 ,L47056 Clarks Bridge Country,34.372109,-83.776009
136,136,08051 001242,3667 ACORN DR,Hall County,Georgia,2/4/2022,"$264,900.00 ",0.04,Residential,2021,1544,$171.57 ,08128 The Reserve at Oak Station,34.2241636,-83.8795835
137,137,10030 001031,5439 STEPSTONE WAY,Hall County,Georgia,2/4/2022,"$294,900.00 ",0.59,Residential,2021,1817,$162.30 ,01029 Lawsons Cove,34.24865795,-83.83906545
138,138,09079B000020,6342 WOODLAND STATION DR,Hall County,Georgia,2/4/2022,"$303,750.00 ",0.5,Residential,2021,2064,$147.17 ,07073 MAGNOLIA STATION,34.4078026,-83.6930159
139,139,15029B000229,4864 RIVER BOTTOM DR,Hall County,Georgia,2/4/2022,"$445,764.00 ",1.05,Residential,2021,3080,$144.73 ,05034 GEORGIAN ACRES,34.1856801,-83.808495
140,140,10030 001044,5456 OLD LANTERN WAY,Hall County,Georgia,2/2/2022,"$290,900.00 ",1.77,Residential,2021,1284,$226.56 ,01029 Lawsons Cove,34.2819518,-83.9052263
141,141,01084 001038,2739 NE LIMESTONE CREEK DR,Hall County,Georgia,2/1/2022,"$429,500.00 ",0.2,Residential,2021,2136,$201.08 ,00039A GATES @ LIMESTONE NEW CONSTRUCTION,34.3251778,-83.8083707
142,142,08100 001162,5986 PARK BAY CT,Hall County,Georgia,2/1/2022,"$245,819.00 ",0.19,Residential,2021,2851,$86.22 ,08105 PARK WALK AT LANIER,34.2134154,-83.9259864
143,143,15029B000069,4985 LITTLE FOX TRL,Hall County,Georgia,2/1/2022,"$492,791.00 ",1.15,Residential,2021,3581,$137.61 ,05034 GEORGIAN ACRES,34.180829,-83.8058421
144,144,15042 000649,6956 MANCHESTER DR,Hall County,Georgia,1/31/2022,"$443,815.00 ",0.17,Residential,2021,3500,$126.80 ,05661 Cambridge,34.1430981,-83.8891882
145,145,10030 001041,5459 OLD LANTERN WAY,Hall County,Georgia,1/31/2022,"$290,900.00 ",1.33,Residential,2021,1284,$226.56 ,01029 Lawsons Cove,34.2819518,-83.9052263
146,146,08024 006183,4417 SW CHESTNUT OAK WAY,Hall County,Georgia,1/31/2022,"$443,127.00 ",0.17,Residential,2021,3236,$136.94 ,08018B White Oak Park @ MM,34.2528513,-83.8682685
147,147,15042 000476,6967 LANCASTER XING,Hall County,Georgia,1/31/2022,"$490,980.00 ",0.26,Residential,2021,3134,$156.66 ,05662 Lancaster,34.1400411,-83.8900222
148,148,08024 006203,4418 SW CHESTNUT OAK WAY,Hall County,Georgia,1/31/2022,"$458,009.00 ",0.18,Residential,2021,2740,$167.16 ,08018B White Oak Park @ MM,34.2528513,-83.8682685
149,149,08065 000286,5123 WATCHMANS CV,Hall County,Georgia,1/31/2022,"$414,940.00 ",0.16,Residential,2021,2233,$185.82 ,08065 Stephens Point,34.2418663,-83.910214
150,150,10030 001043,5460 OLD LANTERN WAY,Hall County,Georgia,1/28/2022,"$304,900.00 ",1.6,Residential,2021,2111,$144.43 ,01029 Lawsons Cove,34.2819518,-83.9052263
151,151,08111 003269,5975 SCREECH OWL DR,Hall County,Georgia,1/28/2022,"$363,990.00 ",0.16,Residential,2021,2884,$126.21 ,08111 Summit Lake,34.1911189,-83.9254306
152,152,09101A000084,3908 SKYLINE DR,Hall County,Georgia,1/28/2022,"$260,900.00 ",0.36,Residential,2021,1008,$258.83 ,L17001 Surfside Club Estates,34.3720579,-83.7498974
153,153,15047 002236,7009 RIVER ROCK DR,Hall County,Georgia,1/28/2022,"$474,555.00 ",0.14,Residential,2021,1880,$252.42 ,05037H HONEYCUTT,34.1450196,-83.9083792
154,154,12127 000053,8711 HARDWOOD TRL,Hall County,Georgia,1/28/2022,"$438,900.00 ",1,Residential,2021,2603,$168.61 ,03034 MALLARD VIEW,34.4618007,-83.7186572
155,155,12007 000125,5839 CANTERBURY WAY,Hall County,Georgia,1/28/2022,"$490,240.00 ",0.8,Residential,2021,2909,$168.53 ,03037 AVALON HILLS S/D,34.4564343,-83.8270622
156,156,12127 000037,8631 DECOY LN,Hall County,Georgia,1/28/2022,"$465,000.00 ",1,Residential,2021,1927,$241.31 ,03034 MALLARD VIEW,34.4624015,-83.7196853
157,157,09079B000021,6346 WOODLAND STATION DR,Hall County,Georgia,1/28/2022,"$313,700.00 ",0.5,Residential,2021,2184,$143.64 ,07073 MAGNOLIA STATION,34.4079404,-83.6928315
158,158,10030 001032,5443 STEPSTONE WAY,Hall County,Georgia,1/28/2022,"$307,620.00 ",1.1,Residential,2021,1508,$203.99 ,01029 Lawsons Cove,34.24865795,-83.83906545
159,159,08031 005142,3760 PROSPECT POINT DR,Hall County,Georgia,1/28/2022,"$239,199.00 ",0.08,Residential,2021,1864,$128.33 ,08020 MUNDY MILL TOWNSHIP,34.25554,-83.8790453
160,160,08171 002073,4873 STONE WAY PATH,Hall County,Georgia,1/28/2022,"$651,000.00 ",0.23,Residential,2021,3465,$187.88 ,08156 Reserve At Bogan Lakes,34.1335514,-83.9553454
161,161,08031 005137,3740 PROSPECT POINT DR,Hall County,Georgia,1/28/2022,"$234,183.00 ",0.13,Residential,2021,1760,$133.06 ,08020 MUNDY MILL TOWNSHIP,34.25554,-83.8790453
162,162,08031 005138,3744 PROSPECT POINT DR,Hall County,Georgia,1/28/2022,"$237,808.00 ",0.07,Residential,2021,1760,$135.12 ,08020 MUNDY MILL TOWNSHIP,34.25554,-83.8790453
163,163,08031 005141,3756 PROSPECT POINT DR,Hall County,Georgia,1/28/2022,"$229,183.00 ",0.07,Residential,2021,1760,$130.22 ,08020 MUNDY MILL TOWNSHIP,34.25554,-83.8790453
164,164,08051 001239,3679 ACORN DR,Hall County,Georgia,1/28/2022,"$283,900.00 ",0.05,Residential,2021,1576,$180.14 ,08128 The Reserve at Oak Station,34.224176,-83.8798319
165,165,08051 001244,3659 ACORN DR,Hall County,Georgia,1/28/2022,"$259,900.00 ",0.04,Residential,2021,1544,$168.33 ,08128 The Reserve at Oak Station,34.224244,-83.8794593
166,166,08134 000007,6148 WADE ORR RD,Hall County,Georgia,1/28/2022,"$542,976.00 ",0.8,Residential,2021,2551,$212.85 ,08141 Veritas,34.1617808,-83.9339253
167,167,15042 000475,6971 LANCASTER XING,Hall County,Georgia,1/28/2022,"$523,025.00 ",0.17,Residential,2021,3192,$163.85 ,05662 Lancaster,34.1400411,-83.8900222
168,168,08054 004031,4989 FAWNWOOD DR,Hall County,Georgia,1/28/2022,"$276,040.00 ",0.09,Residential,2021,2080,$132.71 ,08571 BRANNON RIDGE,34.24825156,-83.89794972
169,169,15047 002234,7001 RIVER ROCK DR,Hall County,Georgia,1/28/2022,"$428,118.00 ",0.14,Residential,2021,1880,$227.72 ,05037H HONEYCUTT,34.1452641,-83.9083932
170,170,08065 000293,5307 SCHOONER CT,Hall County,Georgia,1/28/2022,"$429,340.00 ",0.16,Residential,2021,2758,$155.67 ,08065 Stephens Point,34.2426798,-83.9109175
171,171,08031 005139,3748 PROSPECT POINT DR,Hall County,Georgia,1/28/2022,"$239,909.00 ",0.07,Residential,2021,1864,$128.71 ,08020 MUNDY MILL TOWNSHIP,34.25554,-83.8790453
172,172,08054 004030,4985 FAWNWOOD DR,Hall County,Georgia,1/28/2022,"$275,000.00 ",0.09,Residential,2021,1370,$200.73 ,08571 BRANNON RIDGE,34.24903794,-83.89858251
173,173,15047G000090,6934 SCARLET OAK WAY,Hall County,Georgia,1/27/2022,"$401,485.00 ",0.17,Residential,2021,1860,$215.85 ,05037K STERLING KNUTSON,34.1572239,-83.9127648
174,174,08100 001175,6015 PARK BAY CT,Hall County,Georgia,1/27/2022,"$325,500.00 ",0.31,Residential,2021,2917,$111.59 ,08105 PARK WALK AT LANIER,34.2136037,-83.9232499
175,175,15047P000015,6388 CROSSCREEK LN,Hall County,Georgia,1/27/2022,"$389,900.00 ",0.11,Residential,2020,1929,$202.13 ,05037Q Sterling,34.1547018,-83.8973578
176,176,15047G000087,7028 BLACKBIRD CT,Hall County,Georgia,1/27/2022,"$379,485.00 ",0.17,Residential,2021,2556,$148.47 ,05037K STERLING KNUTSON,34.156542,-83.916102
177,177,08075 002048A,5614 BARBERRY AVE,Hall County,Georgia,1/27/2022,"$324,990.00 ",0.13,Residential,2021,2247,$144.63 ,08075 Prescott,34.2206923,-83.9035122
178,178,08111 003284,5984 SCREECH OWL DR,Hall County,Georgia,1/27/2022,"$359,990.00 ",0.19,Residential,2021,2539,$141.78 ,08111 Summit Lake,34.1909822,-83.9258269
179,179,08151 002080,5368 SUMMER OAK LN,Hall County,Georgia,1/26/2022,"$607,490.00 ",0.28,Residential,2021,3890,$156.17 ,08032 Summerlyn,34.154309,-83.9492516
180,180,15047 002004,6713 MOONDANCER CT,Hall County,Georgia,1/26/2022,"$381,365.00 ",0.16,Residential,2021,2484,$153.53 ,05037K STERLING KNUTSON,34.1509394,-83.9132555
181,181,15042 000647,6948 MANCHESTER DR,Hall County,Georgia,1/26/2022,"$385,465.00 ",0.18,Residential,2021,2512,$153.45 ,05661 Cambridge,34.1431765,-83.8890226
182,182,15022D000032,2112 SE ROSEMARY WAY,Hall County,Georgia,1/26/2022,"$269,900.00 ",0.12,Residential,2021,1693,$159.42 ,05753 Reserve at Wilson,34.2818123,-83.7832878
183,183,10030 001042,5464 OLD LANTERN WAY,Hall County,Georgia,1/26/2022,"$298,500.00 ",1.67,Residential,2021,1817,$164.28 ,01029 Lawsons Cove,34.2819518,-83.9052263
184,184,08065 000291,5143 WATCHMANS CV,Hall County,Georgia,1/26/2022,"$392,780.00 ",0.16,Residential,2021,2159,$181.93 ,08065 Stephens Point,34.2424512,-83.9106692
185,185,15047G000089,7020 BLACKBIRD CT,Hall County,Georgia,1/26/2022,"$396,985.00 ",0.2,Residential,2021,2457,$161.57 ,05037K STERLING KNUTSON,34.1568807,-83.9160693
186,186,15042 000474,6975 LANCASTER XING,Hall County,Georgia,1/25/2022,"$517,234.00 ",0.17,Residential,2021,3110,$166.31 ,05662 Lancaster,34.1400411,-83.8900222
187,187,08031 005145,3784 PROSPECT POINT DR,Hall County,Georgia,1/25/2022,"$239,510.00 ",0.07,Residential,2021,1760,$136.09 ,08020 MUNDY MILL TOWNSHIP,34.25554,-83.8790453
188,188,08151 002079,5364 SUMMER OAK LN,Hall County,Georgia,1/25/2022,"$559,400.00 ",0.35,Residential,2021,3700,$151.19 ,08032 Summerlyn,34.1538547,-83.9507549
189,189,15029B000199,5120 CHASTAIN WAY,Hall County,Georgia,1/25/2022,"$426,314.00 ",1.01,Residential,2021,2485,$171.55 ,05034 GEORGIAN ACRES,34.1778039,-83.8069559
190,190,10069 004012,3655 CASTOFF CT,Hall County,Georgia,1/25/2022,"$333,684.00 ",0.81,Residential,2021,2620,$127.36 ,L47019 - THE SHORES AT LYNNCLIFF COVE,34.3158608,-83.9052893
191,191,15047G000078,7049 BLACKBIRD CT,Hall County,Georgia,1/24/2022,"$441,485.00 ",0.22,Residential,2021,2517,$175.40 ,05037K STERLING KNUTSON,34.156373,-83.914836
192,192,15042 000648,6952 MANCHESTER DR,Hall County,Georgia,1/24/2022,"$374,125.00 ",0.17,Residential,2021,2761,$135.50 ,05661 Cambridge,34.1430999,-83.8890355
193,193,09079B000131,6345 WOODLAND STATION DR,Hall County,Georgia,1/24/2022,"$294,850.00 ",0.5,Residential,2021,2064,$142.85 ,07073 MAGNOLIA STATION,34.408606,-83.6935843
194,194,15047 002227,6973 RIVER ROCK DR,Hall County,Georgia,1/21/2022,"$381,612.00 ",0.15,Residential,2021,1752,$217.82 ,05037H HONEYCUTT,34.1462188,-83.9084346
195,195,15047G000086,7032 BLACKBIRD CT,Hall County,Georgia,1/21/2022,"$397,485.00 ",0.21,Residential,2021,2801,$141.91 ,05037K STERLING KNUTSON,34.156391,-83.916005
196,196,08024 006102,4692 SW SILVER OAK DR,Hall County,Georgia,1/21/2022,"$493,546.00 ",0.19,Residential,2021,3120,$158.19 ,08018B White Oak Park @ MM,34.2517644,-83.8681006
197,197,15029B000200,5116 CHASTAIN WAY,Hall County,Georgia,1/21/2022,"$437,140.00 ",0.88,Residential,2021,2869,$152.37 ,05034 GEORGIAN ACRES,34.1780827,-83.8071686
198,198,11134 000102,5527 DOCKSIDE OVLK,Hall County,Georgia,1/21/2022,"$990,421.00 ",1.41,Residential,2021,2691,$368.05 ,Area 4-Lake-Back Cove (non dockable),34.4114306,-83.959253
199,199,15047 002143,6964 WOODTRAIL RUN,Hall County,Georgia,1/21/2022,"$500,000.00 ",0.16,Residential,2021,2849,$175.50 ,05037K STERLING KNUTSON,34.155635,-83.911645
200,200,15042 000621,6870 KATE LN,Hall County,Georgia,1/20/2022,"$373,685.00 ",0.28,Residential,2021,2652,$140.91 ,05661 Cambridge,34.1423332,-83.88687
201,201,15047G000063,6879 SCARLET OAK WAY,Hall County,Georgia,1/20/2022,"$421,350.00 ",0.16,Residential,2021,1984,$212.37 ,05037K STERLING KNUTSON,34.1572277,-83.9138969
202,202,08054 004034,5001 FAWNWOOD DR,Hall County,Georgia,1/20/2022,"$337,360.00 ",0.09,Residential,2021,1921,$175.62 ,08571 BRANNON RIDGE,34.24819571,-83.89788006
203,203,08051 001240,3675 ACORN DR,Hall County,Georgia,1/19/2022,"$259,900.00 ",0.04,Residential,2021,1544,$168.33 ,08128 The Reserve at Oak Station,34.2241719,-83.8797491
204,204,09079B000130,6349 WOODLAND STATION DR,Hall County,Georgia,1/19/2022,"$325,875.00 ",0.5,Residential,2021,2577,$126.46 ,07073 MAGNOLIA STATION,34.408754,-83.693388
205,205,15047G000088,7024 BLACKBIRD CT,Hall County,Georgia,1/18/2022,"$385,485.00 ",0.17,Residential,2021,1860,$207.25 ,05037K STERLING KNUTSON,34.156724,-83.916166
206,206,08075 002046A,5606 BARBERRY AVE,Hall County,Georgia,1/18/2022,"$322,990.00 ",0.12,Residential,2021,2361,$136.80 ,08075 Prescott,34.2207354,-83.9037167
207,207,08075 002047A,5610 BARBERRY AVE,Hall County,Georgia,1/18/2022,"$338,990.00 ",0.14,Residential,2021,2535,$133.72 ,08075 Prescott,34.2206923,-83.9035122
208,208,08151 002090,5383 SUMMER OAK LN,Hall County,Georgia,1/18/2022,"$571,510.00 ",0.31,Residential,2021,3700,$154.46 ,08032 Summerlyn,34.1532355,-83.9509826
209,209,15042 000625,6859 KATE LN,Hall County,Georgia,1/18/2022,"$460,000.00 ",0.17,Residential,2021,2652,$173.45 ,05661 Cambridge,34.1421903,-83.887344
210,210,08111 003270,5979 SCREECH OWL DR,Hall County,Georgia,1/18/2022,"$357,990.00 ",0.14,Residential,2021,2613,$137.00 ,08111 Summit Lake,34.1909604,-83.9254822
211,211,08024 006201,4410 SW CHESTNUT OAK WAY,Hall County,Georgia,1/14/2022,"$483,336.00 ",0.18,Residential,2021,3160,$152.95 ,08018B White Oak Park @ MM,34.2528513,-83.8682685
212,212,15041 000301A,5990 ROLLINGWOOD WAY,Hall County,Georgia,1/14/2022,"$430,000.00 ",0.14,Residential,2021,1596,$269.42 ,05013A DEL WEBB @ CHATEAU ELAN,34.1085269,-83.857236
213,213,15042 000611,6752 CAMBRIDGE DR,Hall County,Georgia,1/14/2022,"$354,820.00 ",0.17,Residential,2021,2682,$132.30 ,05661 Cambridge,34.1411785,-83.8871598
214,214,08065 000281,5103 WATCHMANS CV,Hall County,Georgia,1/14/2022,"$427,500.00 ",0.16,Residential,2021,2939,$145.46 ,08065 Stephens Point,34.24125,-83.9098046
215,215,15042 000234,5526 PLEASANT WOODS DR,Hall County,Georgia,1/13/2022,"$471,582.00 ",1.4,Residential,2021,2929,$161.00 ,05087 Parks @ Chestnut Mtn.,34.1446237,-83.8693975
216,216,10068 000095,3632 GALLEY CT,Hall County,Georgia,1/13/2022,"$420,442.00 ",0.8,Residential,2021,2432,$172.88 ,L47019 - THE SHORES AT LYNNCLIFF COVE,34.313035,-83.907131
217,217,08075 002095A,5396 BARBERRY AVE,Hall County,Georgia,1/13/2022,"$312,990.00 ",0.1,Residential,2021,2060,$151.94 ,08075 Prescott,34.2204959,-83.9076069
218,218,15042 000440,6984 LANCASTER XING,Hall County,Georgia,1/13/2022,"$467,409.00 ",0.17,Residential,2021,3110,$150.29 ,05662 Lancaster,34.1400632,-83.89018
219,219,08075 002196A,5241 WILD BERRY CT,Hall County,Georgia,1/13/2022,"$320,990.00 ",0.13,Residential,2021,2060,$155.82 ,08075 Prescott,34.2204609,-83.9044873
220,220,09079B000022,6350 WOODLAND STATION DR,Hall County,Georgia,1/12/2022,"$284,345.00 ",0.5,Residential,2021,2255,$126.10 ,07073 MAGNOLIA STATION,34.4080788,-83.692647
221,221,15042 000446,7016 LANCASTER XING,Hall County,Georgia,1/12/2022,"$380,375.00 ",0.29,Residential,2021,2329,$163.32 ,05662 Lancaster,34.1402396,-83.891443
222,222,15042 000630,6939 MANCHESTER DR,Hall County,Georgia,1/11/2022,"$481,560.00 ",0.23,Residential,2021,3510,$137.20 ,05661 Cambridge,34.1428858,-83.8884017
223,223,01115A000042,1532 NW BLUFF VALLEY CIR,Hall County,Georgia,1/10/2022,"$243,900.00 ",0.02,Residential,2021,1514,$161.10 ,LG7005 Bluffs at Lanier,34.299447,-83.864957
224,224,08065 000285,5119 WATCHMANS CV,Hall County,Georgia,1/7/2022,"$434,920.00 ",0.16,Residential,2021,2865,$151.80 ,08065 Stephens Point,34.2417325,-83.9101313
225,225,12127 000074,8625 DRAKE DR,Hall County,Georgia,1/7/2022,"$497,900.00 ",1,Residential,2021,2669,$186.55 ,03034 MALLARD VIEW,34.4593921,-83.7154149
226,226,09032 000016,7785 BILL WILSON RD,Hall County,Georgia,1/6/2022,"$325,000.00 ",1.5,Residential,2021,1860,$174.73 ,09270 MUD CREEK/COUNTY LINE/TRIBBLE GAP AREA,34.445609,-83.652658
227,227,01115A000043,1534 NW BLUFF VALLEY CIR,Hall County,Georgia,1/6/2022,"$240,000.00 ",0.02,Residential,2021,1514,$158.52 ,LG7005 Bluffs at Lanier,34.299504,-83.864945
228,228,01115A000045,1538 NW BLUFF VALLEY CIR,Hall County,Georgia,1/6/2022,"$243,900.00 ",0.02,Residential,2021,1514,$161.10 ,LG7005 Bluffs at Lanier,34.299618,-83.864922
229,229,01115A000044,1536 NW BLUFF VALLEY CIR,Hall County,Georgia,1/6/2022,"$236,400.00 ",0.02,Residential,2021,1514,$156.14 ,LG7005 Bluffs at Lanier,34.299561,-83.864934
